timestamp,service,cpu_usage_pct,memory_usage_pct,error_rate_pct
2026-09-27T04:54:32Z,payment-gateway,74.22,14.1,1.46
2026-09-27T15:24:27Z,search-api,21.26,81.88,0.007
2026-09-26T19:16:05Z,inventory-api,49.79,49.89,1.216
2026-09-27T10:10:17Z,notification-worker,64.35,46.3,1.202
,notification-worker,,60.29,0.415
2026-09-26T21:03:11Z,payment-gateway,81.84,63.36,0.597
2026-09-26T21:56:58Z,checkout-api,42.53,24.26,1.222
2026-09-28T13:42:12Z,notification-worker,75.86,24.19,1.158
2026-09-27T01:09:37Z,recommendation-engine,31.94,39.49,0.135
2026-09-28T10:27:47Z,checkout-api,31.35,20.76,0.549
2026-09-28T08:34:57Z,payment-gateway,67.62,58.96,1.459
2026-09-29T18:15:50Z,checkout-api,48.53,65.09,1.973
2026-09-28T14:42:49Z,recommendation-engine,33.48,52.03,0.708
2026-09-28T11:20:56Z,inventory-api,51.77,60.55,0.36
2026-09-28T21:58:36Z,auth-service,93.13,10.13,17.509
,payment-gateway,,89.92,0.668
2026-09-27T14:53:11Z,auth-service,76.12,34.62,0.648
,auth-service,,67.95,0.058
2026-09-29T13:32:15Z,search-api,48.12,47.96,7.715
2026-09-28T03:55:13Z,recommendation-engine,53.33,36.81,0.828
2026-09-29T07:11:22Z,notification-worker,31.94,68.0,1.072
2026-09-28T20:17:42Z,auth-service,76.96,81.04,1.939
2026-09-26T20:38:56Z,auth-service,93.53,60.12,1.142
2026-09-28T13:43:10Z,checkout-api,82.81,70.12,0.629
,checkout-api,49.73,29.01,1.901
2026-09-27T21:37:43Z,recommendation-engine,8.37,26.17,15.12
2026-09-29T12:16:33Z,notification-worker,18.87,37.21,1.748
2026-09-27T18:12:54Z,payment-gateway,74.25,17.86,1.032
2026-09-27T09:19:13Z,search-api,8.29,41.01,0.232
2026-09-26T21:35:07Z,search-api,81.33,79.75,1.778
,search-api,72.1,11.8,1.278
2026-09-27T14:31:27Z,notification-worker,33.72,45.29,0.299
2026-09-26T19:29:24Z,notification-worker,55.37,18.19,1.099
2026-09-29T15:03:59Z,search-api,77.36,55.93,0.623
2026-09-28T09:44:34Z,inventory-api,9.57,12.32,0.101
2026-09-27T00:39:00Z,inventory-api,40.27,66.37,1.259
2026-09-28T02:50:38Z,notification-worker,37.01,36.59,1.517
2026-09-27T00:05:55Z,recommendation-engine,73.8,55.42,21.047
2026-09-27T01:27:41Z,inventory-api,32.94,61.55,0.941
2026-09-27T04:50:40Z,recommendation-engine,85.61,30.64,0.367
2026-09-27T18:25:58Z,recommendation-engine,82.47,35.98,0.131
28/09/2026 05:14,inventory-api,81.12,32.58,1.149
2026-09-27T02:10:09Z,auth-service,55.05,15.67,0.922
2026-09-27T11:45:06Z,notification-worker,26.93,22.72,0.132
2026-09-28T20:55:08Z,notification-worker,43.8,88.42,0.684
2026-09-27T06:58:58Z,search-api,65.26,69.15,1.673
1790614022,inventory-api,,17.81,0.616
29/09/2026 05:39,notification-worker,,40.31,1.32
2026-09-28T12:40:09Z,recommendation-engine,62.25,10.01,0.298
2026-09-27T22:46:36Z,notification-worker,57.01,25.65,0.633
2026-09-29T12:52:36Z,search-api,32.41,85.47,1.965
2026-09-27T00:52:51Z,notification-worker,5.73,88.91,0.255
2026-09-27T21:15:54Z,notification-worker,92.11,10.07,1.957
1790531744,recommendation-engine,7.81,44.54,1.25
2026-09-27T09:45:34Z,search-api,20.61,21.13,1.687
2026-09-28T00:45:40Z,payment-gateway,30.96,79.82,0.023
2026-09-27T04:51:52Z,search-api,84.64,62.63,0.272
2026-09-29T05:03:57Z,inventory-api,82.41,81.49,1.861
2026-09-28T03:28:01Z,notification-worker,43.17,75.61,0.451
2026-09-26T18:55:12Z,notification-worker,49.83,68.47,0.539
2026-09-28T12:20:52Z,auth-service,8.01,13.03,0.737
2026-09-29T16:24:38Z,search-api,12.21,68.41,1.719
2026-09-27T14:43:33Z,inventory-api,51.53,51.87,0.49
2026-09-28T18:42:39Z,search-api,12.03,60.7,0.625
not-a-timestamp,notification-worker,75.07,47.51,0.938
2026-09-29T04:30:14Z,auth-service,31.03,12.83,1.499
2026-09-28T11:25:37Z,auth-service,10.53,47.85,0.103
2026-09-29T05:16:52Z,search-api,61.19,32.95,15.112
2026-09-27T14:36:41Z,auth-service,16.93,32.48,0.028
,notification-worker,71.51,62.73,0.351
2026-09-29T09:08:56Z,checkout-api,35.86,16.75,1.868
2026-09-28T06:29:34Z,recommendation-engine,94.42,71.63,0.88
2026-09-27T09:43:59Z,notification-worker,71.09,37.61,1.511
,inventory-api,40.89,34.11,1.505
2026-09-28T04:56:15Z,auth-service,18.06,79.62,23.544
2026-09-28T19:47:07Z,auth-service,91.56,64.63,23.354
2026-09-29T16:00:22Z,recommendation-engine,43.86,83.44,0.67
2026-09-27T01:32:07Z,auth-service,63.89,41.29,1.498
2026-09-28T13:14:55Z,recommendation-engine,22.54,36.99,0.36
2026-09-28T19:22:15Z,checkout-api,79.85,10.96,7.078
2026-09-27T10:21:23Z,search-api,30.5,25.45,6.839
2026-09-28T18:11:30Z,recommendation-engine,24.51,57.95,1.916
,payment-gateway,38.84,71.11,1.606
2026-09-27T12:49:35Z,auth-service,47.03,84.89,1.845
2026-09-28T01:28:16Z,search-api,86.31,71.59,0.324
not-a-timestamp,checkout-api,,36.61,24.112
1790714514,payment-gateway,,24.28,0.288
2026-09-29T12:50:00Z,inventory-api,69.39,18.26,16.427
2026-09-28T02:50:50Z,checkout-api,85.69,21.91,1.866
2026-09-27T13:46:49Z,payment-gateway,68.0,82.37,1.031
2026-09-28T06:06:33Z,inventory-api,44.25,77.52,1.571
2026-09-26T18:37:12Z,inventory-api,90.87,75.44,1.134
2026-09-27T20:30:53Z,auth-service,66.37,42.05,1.918
,recommendation-engine,,16.44,1.533
not-a-timestamp,search-api,22.19,65.67,1.261
2026-09-28T02:16:19Z,search-api,22.05,12.86,24.928
2026-09-27T22:41:18Z,checkout-api,76.35,61.47,1.93
2026-09-29T16:45:46Z,checkout-api,8.33,14.48,0.086
,search-api,65.06,46.67,1.749
2026-09-26T23:37:28Z,checkout-api,71.19,49.11,23.144
2026-09-27T12:03:02Z,search-api,63.39,11.15,1.809
2026-09-27T01:27:49Z,inventory-api,60.01,76.83,21.349
1790613734,recommendation-engine,60.41,15.05,0.675
2026-09-28T12:19:11Z,notification-worker,17.36,76.91,1.528
2026-09-27T18:48:35Z,checkout-api,15.87,21.3,1.393
2026-09-28T02:19:17Z,payment-gateway,88.31,13.26,21.947
2026-09-29T03:00:24Z,payment-gateway,6.41,48.96,8.588
,notification-worker,,43.3,1.545
2026-09-28T08:28:09Z,inventory-api,42.08,85.05,0.075
2026-09-28T06:46:47Z,notification-worker,90.53,60.18,0.696
,payment-gateway,15.58,52.42,12.238
2026-09-27T09:31:59Z,auth-service,9.78,19.01,1.688
2026-09-28T06:36:25Z,payment-gateway,19.38,83.81,12.284
2026-09-27T12:41:03Z,auth-service,60.51,81.21,0.209
,payment-gateway,19.22,12.33,0.142
2026-09-27T18:06:56Z,inventory-api,22.89,64.15,1.558
2026-09-27T01:31:11Z,payment-gateway,71.4,79.59,0.441
2026-09-28T05:39:09Z,checkout-api,85.14,21.6,0.91
2026-09-27T04:18:42Z,inventory-api,69.78,60.56,0.404
2026-09-28T20:47:03Z,notification-worker,10.37,20.92,0.917
2026-09-27T19:23:51Z,payment-gateway,84.78,58.29,1.276
2026-09-27T06:45:12Z,notification-worker,92.31,78.4,22.139
2026-09-27T10:08:24Z,notification-worker,47.61,47.02,13.562
2026-09-27T12:25:32Z,auth-service,44.08,27.79,1.893
2026-09-29T11:47:16Z,checkout-api,42.6,13.54,1.467
2026-09-28T01:22:39Z,notification-worker,40.49,74.78,0.196
2026-09-27T00:25:46Z,notification-worker,72.78,65.45,0.436
2026-09-27T11:47:13Z,search-api,94.91,11.27,0.324
2026-09-28T11:54:46Z,search-api,57.53,88.11,0.277
2026-09-27T07:50:47Z,recommendation-engine,83.44,60.14,0.003
2026-09-27T22:24:18Z,search-api,34.96,12.62,0.54
2026-09-28T09:52:41Z,notification-worker,76.5,73.02,22.617
2026-09-26T22:22:13Z,notification-worker,90.08,63.97,0.222
2026-09-28T15:27:47Z,checkout-api,37.9,24.02,0.134
2026-09-27T09:17:09Z,payment-gateway,93.31,29.09,0.957
2026-09-28T12:37:19Z,recommendation-engine,91.32,26.78,0.451
2026-09-27T13:50:51Z,notification-worker,66.22,32.17,11.905
2026-09-28T08:43:51Z,recommendation-engine,16.04,66.79,1.066
2026-09-28T15:35:43Z,auth-service,76.99,85.63,1.882
29/09/2026 11:19,inventory-api,,41.25,1.917
2026-09-28T21:08:20Z,payment-gateway,49.67,80.0,1.255
2026-09-29T16:58:53Z,search-api,53.73,20.56,0.888
2026-09-27T15:36:24Z,payment-gateway,10.67,79.74,1.895
2026-09-28T00:21:27Z,notification-worker,35.85,61.68,1.187
2026-09-29T07:41:06Z,notification-worker,45.07,34.33,1.579
2026-09-27T13:18:44Z,payment-gateway,48.58,87.66,0.095
2026-09-28T03:34:43Z,payment-gateway,60.68,22.86,0.365
2026-09-28T21:56:32Z,search-api,86.42,73.56,0.234
2026-09-28T12:12:53Z,payment-gateway,44.68,39.57,1.414
2026-09-29T17:35:47Z,auth-service,18.31,45.87,1.067
2026-09-26T20:11:38Z,inventory-api,88.8,71.48,1.856
2026-09-29T17:01:24Z,search-api,54.15,50.59,0.591
2026-09-29T16:59:01Z,recommendation-engine,93.26,55.9,1.13
2026-09-28T02:34:20Z,auth-service,67.02,68.53,0.279
2026-09-27T16:48:46Z,checkout-api,41.15,77.27,0.185
28/09/2026 17:04,payment-gateway,,27.77,0.556
2026-09-28T19:40:53Z,search-api,91.19,88.07,0.981
2026-09-28T07:37:46Z,checkout-api,86.76,38.89,1.708
2026-09-27T21:31:40Z,checkout-api,30.62,38.11,1.749
1790648567,inventory-api,71.74,43.25,0.328
2026-09-29T07:13:09Z,notification-worker,58.81,21.49,1.977
2026-09-27T18:48:12Z,checkout-api,88.98,57.25,0.013
2026-09-27T14:16:56Z,inventory-api,20.74,46.97,1.83
2026-09-29T06:59:03Z,inventory-api,31.05,49.25,0.604
2026-09-28T06:21:30Z,notification-worker,71.59,27.96,0.308
2026-09-28T17:01:22Z,recommendation-engine,62.29,19.93,0.575
2026-09-29T12:24:35Z,search-api,63.03,12.28,0.986
2026-09-28T13:59:20Z,search-api,37.56,48.44,0.516
2026-09-29T17:19:21Z,search-api,78.65,39.86,0.035
2026-09-28T12:44:02Z,checkout-api,18.15,46.88,0.715
27/09/2026 20:40,inventory-api,62.26,86.41,10.833
2026-09-27T07:43:22Z,recommendation-engine,13.51,70.21,1.745
2026-09-28T20:15:25Z,recommendation-engine,32.1,64.84,0.192
2026-09-29T06:19:52Z,payment-gateway,6.16,51.45,0.97
2026-09-29T12:42:02Z,payment-gateway,14.22,22.36,0.377
2026-09-28T15:02:51Z,search-api,79.83,52.05,1.102
2026-09-27T02:40:40Z,inventory-api,46.44,16.11,1.847
2026-09-27T17:04:02Z,search-api,37.63,75.36,1.195
2026-09-27T19:17:10Z,payment-gateway,68.89,12.3,0.445
2026-09-27T04:44:43Z,search-api,25.39,20.03,0.157
2026-09-29T03:28:13Z,checkout-api,12.0,71.98,0.085
29/09/2026 04:07,search-api,51.21,14.74,0.506
not-a-timestamp,recommendation-engine,,58.14,0.4
2026-09-29T00:42:56Z,auth-service,90.39,37.83,1.001
2026-09-27T11:59:17Z,notification-worker,56.32,17.93,0.028
2026-09-27T08:19:38Z,auth-service,20.46,70.32,19.507
2026-09-29T13:24:22Z,notification-worker,81.62,47.98,0.37
2026-09-27T02:11:39Z,payment-gateway,80.13,88.5,1.029
2026-09-29T01:49:23Z,auth-service,16.13,18.83,1.525
2026-09-28T10:56:53Z,search-api,8.65,36.25,0.567
2026-09-27T17:05:55Z,search-api,92.86,45.52,0.581
2026-09-27T08:07:33Z,recommendation-engine,11.26,77.28,1.358
2026-09-28T19:28:11Z,inventory-api,65.49,41.71,1.353
,inventory-api,,88.21,1.785
2026-09-27T19:02:15Z,payment-gateway,58.55,89.25,1.676
2026-09-27T14:39:36Z,recommendation-engine,69.21,56.55,1.579
2026-09-27T23:31:24Z,auth-service,47.82,58.25,0.969
2026-09-29T02:18:11Z,inventory-api,14.72,30.06,1.257
2026-09-27T01:37:55Z,search-api,9.76,15.46,1.944
2026-09-28T19:50:14Z,auth-service,18.75,59.76,6.53
2026-09-29T02:16:19Z,inventory-api,76.35,26.15,0.981
2026-09-27T19:24:01Z,recommendation-engine,82.37,53.73,0.063
2026-09-29T13:00:10Z,checkout-api,39.53,35.16,0.919
,search-api,82.43,34.24,0.983
2026-09-29T02:00:45Z,checkout-api,56.2,49.24,1.079
2026-09-28T11:19:16Z,recommendation-engine,19.07,14.46,1.182
2026-09-28T19:38:22Z,auth-service,73.98,32.76,16.809
2026-09-27T21:03:37Z,auth-service,77.86,56.72,1.25
2026-09-28T01:33:21Z,auth-service,94.28,42.95,9.885
2026-09-27T17:06:20Z,notification-worker,12.64,65.04,0.229
2026-09-28T09:35:07Z,auth-service,8.36,62.62,1.03
2026-09-26T19:51:53Z,search-api,47.27,11.78,1.141
2026-09-27T01:29:43Z,recommendation-engine,48.95,65.27,0.993
2026-09-28T18:58:36Z,auth-service,20.0,33.96,0.404
2026-09-29T17:18:41Z,recommendation-engine,11.78,78.03,0.53
2026-09-28T12:08:30Z,inventory-api,77.41,59.97,1.435
2026-09-28T13:28:38Z,auth-service,29.6,55.31,0.854
2026-09-26T23:57:41Z,search-api,79.14,50.37,1.327
2026-09-28T00:32:54Z,inventory-api,27.61,51.23,1.095
2026-09-28T16:05:50Z,search-api,51.46,24.92,1.322
2026-09-29T14:41:23Z,inventory-api,29.11,61.03,1.706
2026-09-29T14:26:14Z,notification-worker,70.4,14.79,0.925
2026-09-29T00:43:58Z,search-api,73.9,77.53,1.72
2026-09-28T16:32:25Z,payment-gateway,81.14,31.35,0.321
2026-09-27T11:34:25Z,inventory-api,26.46,22.0,20.941
2026-09-28T05:43:25Z,notification-worker,94.22,43.76,0.404
2026-09-26T20:30:04Z,auth-service,76.07,32.22,1.289
not-a-timestamp,inventory-api,75.4,14.43,0.628
2026-09-28T00:00:59Z,auth-service,65.45,80.86,1.68
2026-09-27T11:34:01Z,checkout-api,56.39,50.02,1.328
2026-09-29T02:49:16Z,notification-worker,27.66,80.77,0.245
2026-09-27T18:21:25Z,recommendation-engine,57.59,41.2,0.472
2026-09-27T04:53:06Z,checkout-api,20.76,87.59,0.509
2026-09-28T06:05:09Z,notification-worker,38.72,85.9,0.848
2026-09-29T16:31:32Z,auth-service,84.15,84.96,1.431
2026-09-26T19:54:49Z,search-api,92.01,58.47,1.324
2026-09-28T20:40:23Z,recommendation-engine,65.44,30.24,1.278
2026-09-29T12:08:42Z,recommendation-engine,66.67,52.79,0.885
,inventory-api,,83.43,1.873
2026-09-27T06:02:47Z,inventory-api,61.82,80.36,0.813
not-a-timestamp,checkout-api,79.09,85.24,0.826
2026-09-29T06:06:26Z,checkout-api,79.2,65.88,0.704
2026-09-29T05:36:40Z,notification-worker,71.4,46.26,6.042
2026-09-28T16:15:56Z,inventory-api,76.19,20.89,1.257
2026-09-27T00:22:01Z,checkout-api,19.2,51.31,1.661
2026-09-29T08:03:10Z,notification-worker,66.72,73.41,0.957
2026-09-27T13:21:40Z,payment-gateway,66.87,76.14,0.397
2026-09-27T07:37:26Z,inventory-api,83.88,85.58,0.449
2026-09-29T13:35:53Z,notification-worker,63.24,60.13,1.948
2026-09-28T21:26:36Z,recommendation-engine,20.19,42.08,0.52
1790554213,payment-gateway,90.25,19.39,0.87
2026-09-27T10:43:32Z,search-api,23.28,85.68,0.532
2026-09-27T22:12:03Z,payment-gateway,43.82,26.53,1.648
2026-09-27T08:10:05Z,inventory-api,21.23,73.4,24.523
2026-09-28T03:13:05Z,payment-gateway,38.27,64.74,0.021
2026-09-27T17:55:01Z,search-api,40.78,26.98,0.847
2026-09-26T23:41:56Z,checkout-api,55.13,14.17,0.942
2026-09-28T14:32:02Z,search-api,92.05,57.86,0.091
2026-09-28T15:30:04Z,inventory-api,32.23,41.58,1.936
2026-09-28T12:38:56Z,payment-gateway,28.43,50.3,1.756
2026-09-27T17:29:07Z,search-api,52.74,21.34,0.088
2026-09-29T09:51:10Z,recommendation-engine,30.29,38.85,1.806
2026-09-29T06:47:16Z,recommendation-engine,88.4,51.36,0.33
2026-09-28T06:09:09Z,recommendation-engine,90.5,54.45,1.273
2026-09-27T08:08:09Z,payment-gateway,9.91,24.65,0.327
2026-09-27T02:49:40Z,inventory-api,8.67,38.52,0.97
2026-09-29T07:58:16Z,search-api,83.02,19.89,22.363
2026-09-27T06:38:02Z,search-api,50.79,31.82,1.171
2026-09-29T17:07:51Z,checkout-api,52.34,55.66,0.154
2026-09-28T19:40:12Z,checkout-api,84.86,12.08,1.361
2026-09-28T13:21:58Z,checkout-api,80.33,22.3,21.614
2026-09-28T03:26:32Z,search-api,90.97,57.54,24.395
2026-09-29T15:37:16Z,inventory-api,34.24,68.52,1.915
2026-09-27T09:46:13Z,recommendation-engine,9.38,61.49,0.111
1790707299,notification-worker,,41.91,1.93
2026-09-27T06:14:38Z,inventory-api,75.15,32.79,1.308
2026-09-28T06:07:17Z,recommendation-engine,43.91,74.51,1.37
2026-09-28T18:50:27Z,checkout-api,79.88,51.01,1.771
2026-09-28T11:22:47Z,notification-worker,43.08,70.52,1.228
2026-09-28T01:24:02Z,checkout-api,8.64,37.34,0.448
2026-09-27T05:40:15Z,inventory-api,52.46,61.78,14.364
,inventory-api,32.04,88.73,0.601
2026-09-26T21:51:16Z,notification-worker,11.89,13.61,0.85
28/09/2026 18:30,search-api,,30.27,0.164
2026-09-27T07:27:13Z,recommendation-engine,21.4,41.44,22.535
2026-09-28T13:08:18Z,search-api,45.95,63.62,0.53
2026-09-29T09:49:42Z,recommendation-engine,21.85,24.81,1.208
2026-09-27T02:07:18Z,inventory-api,53.09,10.47,0.343
2026-09-28T20:45:17Z,inventory-api,83.19,87.26,0.973
2026-09-29T17:17:52Z,notification-worker,37.47,63.9,0.79
2026-09-27T03:29:16Z,payment-gateway,6.25,18.95,24.41
2026-09-27T09:36:53Z,inventory-api,63.38,61.98,1.252
2026-09-27T08:16:52Z,checkout-api,32.08,47.07,0.044
2026-09-27T05:28:41Z,search-api,68.23,87.11,1.72
2026-09-27T09:02:24Z,auth-service,56.25,76.71,5.157
2026-09-28T22:18:18Z,inventory-api,93.15,77.89,1.192
2026-09-27T15:33:09Z,checkout-api,48.87,48.89,1.223
2026-09-29T05:50:55Z,recommendation-engine,48.91,67.14,0.844
2026-09-26T23:00:13Z,auth-service,85.36,43.37,0.99
2026-09-27T19:37:47Z,inventory-api,67.78,11.66,0.384
2026-09-27T11:16:49Z,notification-worker,24.77,82.73,1.204
2026-09-28T18:13:02Z,inventory-api,16.8,33.47,1.92
2026-09-28T19:23:36Z,search-api,71.11,73.68,1.689
2026-09-27T14:56:49Z,search-api,72.43,63.36,0.399
2026-09-27T01:43:36Z,recommendation-engine,42.44,89.5,0.419
26/09/2026 19:41,auth-service,84.28,38.56,1.656
2026-09-27T02:40:41Z,notification-worker,25.4,54.96,1.987
2026-09-29T02:24:11Z,checkout-api,74.31,54.56,1.707
2026-09-28T14:22:55Z,search-api,14.37,14.03,1.598
2026-09-29T01:24:44Z,checkout-api,92.72,72.53,1.717
not-a-timestamp,checkout-api,,23.36,0.411
2026-09-28T02:31:46Z,recommendation-engine,50.53,68.6,17.942
2026-09-27T04:24:41Z,checkout-api,81.37,45.13,1.538
2026-09-29T05:17:57Z,inventory-api,35.72,50.4,12.449
2026-09-27T20:38:25Z,search-api,64.85,22.13,0.843
2026-09-29T04:45:43Z,inventory-api,42.21,42.74,1.705
2026-09-27T20:43:21Z,checkout-api,44.83,71.61,1.035
27/09/2026 19:00,auth-service,41.15,71.79,0.787
2026-09-29T12:05:52Z,notification-worker,10.2,60.53,1.321
2026-09-27T15:54:47Z,inventory-api,41.18,64.47,0.609
2026-09-29T12:35:14Z,auth-service,5.71,32.38,1.841
2026-09-28T02:52:10Z,search-api,23.46,53.55,1.304
2026-09-29T11:01:03Z,recommendation-engine,75.34,42.36,0.603
not-a-timestamp,inventory-api,,69.2,1.984
2026-09-27T17:07:00Z,notification-worker,35.66,60.85,22.806
2026-09-27T13:12:59Z,payment-gateway,79.9,34.32,1.011
2026-09-29T07:39:41Z,auth-service,28.38,50.6,1.513
2026-09-28T03:03:18Z,auth-service,56.52,10.42,0.472
2026-09-28T12:43:46Z,notification-worker,69.32,85.0,1.689
2026-09-27T16:09:58Z,auth-service,65.02,75.21,0.28
2026-09-29T00:04:59Z,payment-gateway,14.47,51.32,1.557
2026-09-27T05:03:03Z,search-api,43.31,42.96,13.498
2026-09-27T10:01:09Z,inventory-api,12.03,64.15,1.118
2026-09-29T09:52:38Z,auth-service,57.59,60.92,1.378
2026-09-28T23:39:40Z,inventory-api,79.14,21.55,1.422
2026-09-28T21:40:51Z,notification-worker,82.69,19.44,0.947
2026-09-29T15:07:27Z,notification-worker,38.24,86.15,0.817
2026-09-28T12:00:49Z,auth-service,8.63,22.26,1.982
2026-09-28T05:45:47Z,checkout-api,76.21,21.37,0.097
2026-09-29T11:07:06Z,auth-service,24.4,75.53,0.245
2026-09-29T09:45:42Z,checkout-api,42.58,55.84,1.801
2026-09-28T04:59:03Z,recommendation-engine,69.8,58.46,1.01
2026-09-28T03:08:31Z,search-api,45.42,79.31,1.6
2026-09-28T00:12:26Z,inventory-api,25.95,41.63,1.916
2026-09-28T23:58:00Z,auth-service,63.13,79.28,1.144
2026-09-28T21:53:25Z,auth-service,55.49,19.9,0.385
2026-09-28T12:23:04Z,recommendation-engine,9.76,55.62,0.952
2026-09-27T03:08:16Z,search-api,89.26,24.38,20.735
2026-09-28T21:45:38Z,recommendation-engine,84.89,45.54,1.214
2026-09-26T21:39:17Z,inventory-api,82.58,11.86,0.83
2026-09-27T17:29:24Z,inventory-api,28.15,19.17,8.363
2026-09-27T12:59:17Z,recommendation-engine,13.07,34.54,0.338
2026-09-27T18:03:58Z,payment-gateway,7.45,14.68,0.64
2026-09-27T17:59:16Z,auth-service,38.8,76.22,0.405
2026-09-28T13:03:09Z,payment-gateway,49.37,70.19,0.23
28/09/2026 04:13,notification-worker,,48.73,0.467
2026-09-28T19:32:17Z,checkout-api,27.17,54.38,0.609
2026-09-27T00:29:21Z,recommendation-engine,62.22,26.28,0.747
2026-09-29T03:19:27Z,payment-gateway,53.38,43.9,0.903
1790579570,recommendation-engine,,62.24,0.12
2026-09-28T19:53:42Z,inventory-api,94.93,77.4,1.681
2026-09-27T06:07:59Z,search-api,53.07,15.59,18.969
2026-09-28T23:10:38Z,notification-worker,94.89,80.26,1.01
2026-09-29T10:44:42Z,search-api,90.09,60.81,1.416
2026-09-28T18:36:16Z,auth-service,35.75,46.78,0.032
2026-09-28T17:27:06Z,checkout-api,59.79,10.34,8.471
2026-09-28T21:05:45Z,search-api,49.01,41.42,22.534
2026-09-28T09:36:08Z,checkout-api,85.33,75.28,0.247
2026-09-27T21:47:09Z,recommendation-engine,59.12,40.94,1.624
2026-09-27T03:27:51Z,inventory-api,38.34,25.44,19.863
2026-09-28T19:56:08Z,search-api,37.2,17.2,0.606
2026-09-27T11:26:14Z,inventory-api,92.06,12.94,1.408
2026-09-26T18:53:55Z,payment-gateway,93.58,61.07,0.555
2026-09-27T06:47:34Z,notification-worker,22.44,69.11,1.206
2026-09-28T13:12:28Z,payment-gateway,72.14,20.19,1.711
2026-09-28T23:27:21Z,recommendation-engine,29.69,77.81,24.396
2026-09-28T15:07:21Z,auth-service,66.26,80.65,13.542
2026-09-28T17:42:46Z,checkout-api,81.85,35.84,0.814
2026-09-28T08:07:12Z,inventory-api,49.6,51.38,19.424
29/09/2026 13:15,inventory-api,52.92,35.3,0.669
2026-09-28T20:35:26Z,inventory-api,91.2,83.36,0.658
not-a-timestamp,checkout-api,7.51,44.56,20.944
2026-09-28T04:51:50Z,payment-gateway,91.29,76.6,1.039
2026-09-26T23:41:18Z,recommendation-engine,59.0,45.08,13.929
2026-09-29T17:20:31Z,checkout-api,87.5,40.19,1.387
2026-09-26T22:53:38Z,recommendation-engine,44.77,34.12,0.132
2026-09-28T11:06:11Z,checkout-api,31.54,40.52,20.039
2026-09-28T14:02:20Z,recommendation-engine,64.38,10.85,1.59
2026-09-28T15:28:12Z,checkout-api,35.57,85.01,0.908
2026-09-27T08:23:42Z,checkout-api,14.24,57.61,20.788
2026-09-28T12:07:09Z,payment-gateway,62.36,30.5,1.449
2026-09-27T12:05:05Z,payment-gateway,76.73,14.84,0.872
2026-09-29T01:18:39Z,auth-service,33.01,80.82,0.295
2026-09-27T19:20:54Z,auth-service,38.19,10.65,1.357
,recommendation-engine,80.17,78.7,0.391
2026-09-26T23:21:36Z,auth-service,22.04,48.06,0.935
2026-09-29T08:25:13Z,notification-worker,55.95,36.85,0.657
,recommendation-engine,86.95,49.67,1.278
2026-09-28T05:23:09Z,search-api,74.15,75.17,0.752
2026-09-29T06:31:58Z,checkout-api,37.65,15.9,7.304
2026-09-27T08:32:06Z,search-api,57.71,71.24,5.594
2026-09-27T07:03:36Z,payment-gateway,84.68,67.51,1.109
2026-09-26T19:56:39Z,payment-gateway,80.86,82.85,18.549
2026-09-29T03:43:00Z,checkout-api,35.45,26.82,0.739
2026-09-27T06:51:25Z,notification-worker,92.94,89.82,1.757
1790495627,payment-gateway,76.54,25.33,0.749
2026-09-26T21:44:34Z,recommendation-engine,60.44,25.13,1.579
2026-09-26T22:15:26Z,search-api,76.61,79.83,1.937
2026-09-27T09:36:55Z,search-api,12.33,47.65,0.13
2026-09-29T01:05:15Z,search-api,72.6,39.94,0.358
2026-09-28T08:38:35Z,search-api,48.5,86.46,1.162
2026-09-29T03:57:02Z,notification-worker,63.48,26.58,0.904
2026-09-27T10:17:48Z,auth-service,43.25,40.17,1.685
2026-09-27T00:33:04Z,payment-gateway,72.65,33.6,0.46
1790592051,notification-worker,35.27,46.09,0.735
2026-09-27T07:27:17Z,inventory-api,26.04,61.63,0.165
2026-09-28T07:43:10Z,notification-worker,62.93,72.87,0.197
not-a-timestamp,notification-worker,,25.73,0.605
2026-09-27T04:25:05Z,recommendation-engine,72.71,69.19,0.017
2026-09-29T06:15:28Z,auth-service,75.48,42.3,1.16
2026-09-28T04:44:58Z,search-api,51.14,70.89,0.795
2026-09-29T00:55:46Z,payment-gateway,47.7,51.27,1.515
2026-09-28T03:58:38Z,auth-service,76.27,35.05,1.54
2026-09-27T09:38:26Z,inventory-api,45.5,54.68,1.155
2026-09-29T15:04:19Z,search-api,5.87,74.83,0.68
2026-09-28T20:18:53Z,recommendation-engine,41.3,72.29,0.652
1790663641,checkout-api,87.99,22.3,0.661
2026-09-27T22:49:27Z,checkout-api,53.1,25.07,1.139
2026-09-29T11:31:56Z,auth-service,13.39,18.35,0.064
2026-09-28T05:57:32Z,checkout-api,21.8,15.56,0.568
2026-09-28T18:24:27Z,notification-worker,11.3,14.6,0.344
2026-09-28T00:17:49Z,inventory-api,19.13,18.86,0.957
1790708137,recommendation-engine,,79.64,1.636
2026-09-27T16:58:31Z,notification-worker,23.27,67.34,0.403
2026-09-28T02:50:10Z,checkout-api,79.21,58.39,0.658
2026-09-28T06:07:46Z,inventory-api,46.64,13.13,17.926
2026-09-27T19:37:51Z,search-api,80.84,73.39,1.647
2026-09-28T00:36:08Z,payment-gateway,21.16,59.42,0.769
2026-09-28T21:14:38Z,notification-worker,13.6,65.89,22.711
2026-09-29T10:38:41Z,search-api,53.4,63.33,19.531
2026-09-29T12:33:04Z,inventory-api,42.02,70.95,0.737
2026-09-28T07:06:29Z,recommendation-engine,75.16,42.81,0.415
1790464768,checkout-api,62.5,64.05,0.687
2026-09-26T19:09:39Z,auth-service,15.32,83.37,1.497
2026-09-26T23:20:52Z,checkout-api,54.36,29.38,0.281
2026-09-29T07:39:35Z,payment-gateway,20.35,11.45,0.588
2026-09-27T22:50:23Z,payment-gateway,11.98,71.09,0.307
2026-09-27T10:09:24Z,search-api,8.1,64.0,1.393
2026-09-29T05:28:17Z,notification-worker,62.69,67.31,0.781
2026-09-26T22:11:45Z,notification-worker,5.42,71.79,1.858
2026-09-27T11:44:56Z,payment-gateway,13.22,43.73,0.674
2026-09-28T19:05:26Z,checkout-api,24.85,80.58,1.661
2026-09-27T06:32:35Z,checkout-api,42.41,18.61,1.124
2026-09-27T09:27:40Z,notification-worker,40.56,44.23,0.212
2026-09-26T19:28:15Z,inventory-api,63.86,10.96,0.44
2026-09-27T14:39:20Z,search-api,61.15,13.52,0.822
2026-09-28T06:45:25Z,checkout-api,69.13,73.3,1.138
2026-09-27T01:16:41Z,notification-worker,34.19,60.47,1.849
2026-09-27T04:03:32Z,auth-service,20.78,70.94,1.956
2026-09-26T23:17:43Z,auth-service,6.59,82.97,1.022
2026-09-28T07:02:13Z,notification-worker,68.42,11.06,20.179
2026-09-27T11:35:34Z,search-api,43.56,29.48,7.751
2026-09-27T09:05:21Z,payment-gateway,38.82,61.36,1.451
2026-09-28T02:41:25Z,search-api,83.96,20.74,1.574
not-a-timestamp,inventory-api,63.32,33.08,21.939
2026-09-26T22:19:00Z,search-api,93.95,74.12,0.445
2026-09-28T08:21:05Z,auth-service,21.52,60.38,14.833
2026-09-26T22:10:24Z,search-api,94.28,85.06,0.347
2026-09-29T04:17:10Z,payment-gateway,26.27,16.25,0.623
2026-09-27T12:12:50Z,inventory-api,20.88,29.92,0.897
2026-09-27T14:10:31Z,recommendation-engine,75.32,16.4,0.796
2026-09-28T02:31:09Z,inventory-api,50.48,68.79,1.639
2026-09-26T19:49:18Z,recommendation-engine,39.33,78.32,1.843
2026-09-27T05:30:20Z,notification-worker,70.4,30.58,0.907
2026-09-28T14:30:30Z,inventory-api,11.47,20.93,0.309
2026-09-26T19:18:49Z,recommendation-engine,50.06,68.03,1.851
2026-09-29T17:02:53Z,search-api,38.58,49.16,1.177
2026-09-26T21:12:23Z,checkout-api,39.63,55.25,0.873
2026-09-29T12:52:05Z,recommendation-engine,70.0,50.77,1.377
2026-09-28T17:46:36Z,inventory-api,88.39,68.85,0.069
2026-09-28T16:19:25Z,search-api,65.88,65.8,0.523
2026-09-28T19:58:22Z,payment-gateway,27.89,58.17,1.683
29/09/2026 02:31,checkout-api,63.0,83.35,1.172
2026-09-28T01:10:37Z,payment-gateway,79.68,30.23,1.935
2026-09-27T22:15:10Z,notification-worker,32.72,42.93,1.455
1790624535,notification-worker,74.9,37.55,1.497
1790501909,recommendation-engine,49.26,17.75,0.836
2026-09-27T06:48:15Z,payment-gateway,38.72,66.32,0.364
2026-09-28T03:11:43Z,notification-worker,78.29,24.85,8.655
2026-09-27T13:15:52Z,recommendation-engine,41.79,60.15,1.737
2026-09-27T15:43:26Z,checkout-api,39.0,32.14,1.171
2026-09-28T19:22:16Z,recommendation-engine,14.07,14.88,0.014
2026-09-29T18:17:43Z,checkout-api,13.72,51.79,17.06
2026-09-29T01:49:11Z,auth-service,88.89,47.86,0.859
2026-09-29T11:11:53Z,auth-service,94.95,75.35,1.33
2026-09-26T22:32:50Z,auth-service,83.58,74.5,22.411
2026-09-29T07:12:45Z,payment-gateway,7.31,19.83,1.902
2026-09-27T12:28:37Z,auth-service,45.67,64.89,1.03
2026-09-26T18:36:25Z,search-api,91.18,75.01,12.204
29/09/2026 05:11,search-api,34.3,45.54,0.8
